[{"id":2093,"name":"Branch Line","url_name":"2093-branch-line","color":"#b85600","system_id":95,"system_name":"SMRT Trains","transport_mode_id":4,"transport_mode_name":"heavy_rail"},{"id":1027,"name":"Bukit Panjang LRT","url_name":"1027-pukit-panjang-lrt","color":"#748477","system_id":95,"system_name":"SMRT Trains","transport_mode_id":5,"transport_mode_name":"light_rail"},{"id":2106,"name":"Changi Airport Skytrain","url_name":"2106-changi-airport-skytrain","color":"#feca37","system_id":690,"system_name":"Changi Airport Group","transport_mode_id":7,"transport_mode_name":"people_mover"},{"id":1021,"name":"Circle Line","url_name":"1021-circle-line","color":"#ff9a00","system_id":95,"system_name":"SMRT Trains","transport_mode_id":4,"transport_mode_name":"heavy_rail"},{"id":1023,"name":"Downtown Line","url_name":"1023-downtown-line","color":"#0354a6","system_id":407,"system_name":"SBS Transit","transport_mode_id":4,"transport_mode_name":"heavy_rail"},{"id":1020,"name":"East West Line","url_name":"1020-east-west-line","color":"#009645","system_id":95,"system_name":"SMRT Trains","transport_mode_id":4,"transport_mode_name":"heavy_rail"},{"id":1022,"name":"North East Line","url_name":"1022-north-east-line","color":"#9016b2","system_id":407,"system_name":"SBS Transit","transport_mode_id":4,"transport_mode_name":"heavy_rail"},{"id":2132,"name":"North-South Line","url_name":"2132-north-south-line","color":"#000","system_id":692,"system_name":"KTM Intercity","transport_mode_id":2,"transport_mode_name":"inter_city_rail"},{"id":1019,"name":"North South Line","url_name":"1019-north-south-line","color":"#dc241f","system_id":95,"system_name":"SMRT Trains","transport_mode_id":4,"transport_mode_name":"heavy_rail"},{"id":1025,"name":"Punggol LRT","url_name":"1025-punggol-lrt","color":"#748477","system_id":407,"system_name":"SBS Transit","transport_mode_id":5,"transport_mode_name":"light_rail"},{"id":1026,"name":"Sengkang LRT","url_name":"1026-senkang-lrt","color":"#748477","system_id":407,"system_name":"SBS Transit","transport_mode_id":5,"transport_mode_name":"light_rail"},{"id":2107,"name":"Sentosa Express","url_name":"2107-sentosa-express","color":"#f07d00","system_id":691,"system_name":"Sentosa Development Corporation","transport_mode_id":7,"transport_mode_name":"people_mover"},{"id":2110,"name":"Shuttle Tebrau","url_name":"2110-shuttle-tebrau","color":"#000","system_id":692,"system_name":"KTM Intercity","transport_mode_id":2,"transport_mode_name":"inter_city_rail"},{"id":1024,"name":"Thomson-East Coast Line","url_name":"1024-thompson-east-coast-line","color":"#734538","system_id":95,"system_name":"SMRT Trains","transport_mode_id":4,"transport_mode_name":"heavy_rail"}]