<metadata xml:lang="en"><Esri><CreaDate>20220113</CreaDate><CreaTime>09425300</CreaTime><SyncOnce>FALSE</SyncOnce><SyncDate>20220114</SyncDate><SyncTime>11081400</SyncTime><ModDate>20220114</ModDate><ModTime>11081400</ModTime><DataProperties><lineage><Process ToolSource="D:\ArcGIS\ArcToolbox\Toolboxes\Data Management Tools.tbx\AddField" Date="20140801" Time="195511">AddField D:\Data\GDMPDN4.sde\GDM.LTALayers\GDM.RapidTransitSystemStation REMARKS TEXT # # 200 Remarks NULLABLE NON_REQUIRED # D:\Data\GDMPDN4.sde\GDM.LTALayers\GDM.RapidTransitSystemStation</Process><Process ToolSource="D:\ArcGIS\ArcToolbox\Toolboxes\Data Management Tools.tbx\CopyFeatures" Date="20171020" Time="205800">CopyFeatures "d:\DATA\Connection to GDM PDN4.sde\GDM.LTALayers\GDM.RapidTransitSystemStation" d:\DATA\Maestro\GDM.gdb\LTALayers\GDM_RapidTransitSystemStation # 0 0 0</Process><Process ToolSource="f:\program files\arcgis\pro\Resources\ArcToolbox\toolboxes\Data Management Tools.tbx\FeatureToPoint" Date="20220114" Time="095515">FeatureToPoint "Rapid Transit System Stations" "F:\ArcGIS\RapidTransitSystemStation\New File Geodatabase.gdb\RapidTransitSystemStations" CENTROID</Process><Process ToolSource="f:\program files\arcgis\pro\Resources\ArcToolbox\toolboxes\Data Management Tools.tbx\DeleteField" Date="20220114" Time="100558">DeleteField RapidTransitSystemStations ORIG_FID</Process><Process ToolSource="f:\program files\arcgis\pro\Resources\ArcToolbox\toolboxes\Data Management Tools.tbx\DeleteField" Date="20220114" Time="100615">DeleteField RapidTransitSystemStations TYP_CD_DES</Process><Process ToolSource="f:\program files\arcgis\pro\Resources\ArcToolbox\toolboxes\Data Management Tools.tbx\DeleteField" Date="20220114" Time="100623">DeleteField RapidTransitSystemStations TYP_CD</Process><Process ToolSource="f:\program files\arcgis\pro\Resources\ArcToolbox\toolboxes\Data Management Tools.tbx\UpdateSchema" Date="20220114" Time="100914">UpdateSchema "CIMDATA=&lt;CIMStandardDataConnection xsi:type='typens:CIMStandardDataConnection' xmlns:xsi='http://www.w3.org/2001/XMLSchema-instance' xmlns:xs='http://www.w3.org/2001/XMLSchema' xmlns:typens='http://www.esri.com/schemas/ArcGIS/2.8.0'&gt;&lt;WorkspaceConnectionString&gt;DATABASE=F:\ArcGIS\RapidTransitSystemStation\New File Geodatabase.gdb&lt;/WorkspaceConnectionString&gt;&lt;WorkspaceFactory&gt;FileGDB&lt;/WorkspaceFactory&gt;&lt;Dataset&gt;RapidTransitSystemStations&lt;/Dataset&gt;&lt;DatasetType&gt;esriDTFeatureClass&lt;/DatasetType&gt;&lt;/CIMStandardDataConnection&gt;" &lt;operationSequence&gt;&lt;workflow&gt;&lt;AddField&gt;&lt;field_name&gt;STN_NAME&lt;/field_name&gt;&lt;field_type&gt;TEXT&lt;/field_type&gt;&lt;field_length&gt;255&lt;/field_length&gt;&lt;field_alias&gt;STN_NAME&lt;/field_alias&gt;&lt;field_is_nullable&gt;True&lt;/field_is_nullable&gt;&lt;field_is_required&gt;False&lt;/field_is_required&gt;&lt;/AddField&gt;&lt;/workflow&gt;&lt;workflow&gt;&lt;AddField&gt;&lt;field_name&gt;STN_NO&lt;/field_name&gt;&lt;field_type&gt;TEXT&lt;/field_type&gt;&lt;field_length&gt;255&lt;/field_length&gt;&lt;field_alias&gt;STN_NO&lt;/field_alias&gt;&lt;field_is_nullable&gt;True&lt;/field_is_nullable&gt;&lt;field_is_required&gt;False&lt;/field_is_required&gt;&lt;/AddField&gt;&lt;/workflow&gt;&lt;/operationSequence&gt;</Process><Process ToolSource="f:\program files\arcgis\pro\Resources\ArcToolbox\toolboxes\Data Management Tools.tbx\CalculateField" Date="20220114" Time="101038">CalculateField RapidTransitSystemStations STN_NAME !STN_NAM_DE! "Python 3" # Text NO_ENFORCE_DOMAINS</Process><Process ToolSource="f:\program files\arcgis\pro\Resources\ArcToolbox\toolboxes\Data Management Tools.tbx\DeleteField" Date="20220114" Time="101046">DeleteField RapidTransitSystemStations STN_NAM_DE</Process><Process ToolSource="f:\program files\arcgis\pro\Resources\ArcToolbox\toolboxes\Data Management Tools.tbx\DeleteField" Date="20220114" Time="101053">DeleteField RapidTransitSystemStations STN_NAM</Process><Process ToolSource="f:\program files\arcgis\pro\Resources\ArcToolbox\toolboxes\Data Management Tools.tbx\Rename" Date="20220114" Time="110634">Rename "F:\ArcGIS\RapidTransitSystemStation\New File Geodatabase.gdb\RapidTransitSystemStations" "F:\ArcGIS\RapidTransitSystemStation\New File Geodatabase.gdb\MRTLRTStnPtt" FeatureClass</Process><Process ToolSource="f:\program files\arcgis\pro\Resources\ArcToolbox\toolboxes\Data Management Tools.tbx\CopyFeatures" Date="20220114" Time="110814">CopyFeatures MRTLRTStnPtt C:\Users\arcgisuser\Downloads\MRTLRTStnPtt\MRTLRTStnPtt.shp # # # #</Process></lineage><itemProps><itemLocation><linkage Sync="TRUE">file://\\vm-ignite-arcgi\C$\Users\arcgisuser\Downloads\MRTLRTStnPtt\MRTLRTStnPtt.shp</linkage><protocol Sync="TRUE">Local Area Network</protocol></itemLocation><itemName Sync="TRUE">MRTLRTStnPtt</itemName><imsContentType Sync="TRUE">002</imsContentType><nativeExtBox><westBL Sync="TRUE">6068.208633</westBL><eastBL Sync="TRUE">45377.503900</eastBL><southBL Sync="TRUE">27478.437299</southBL><northBL Sync="TRUE">47910.703124</northBL><exTypeCode Sync="TRUE">1</exTypeCode></nativeExtBox><itemSize Sync="TRUE">0.000</itemSize></itemProps><coordRef><type Sync="TRUE">Projected</type><geogcsn Sync="TRUE">GCS_WGS_1984</geogcsn><csUnits Sync="TRUE">Linear Unit: Meter (1.000000)</csUnits><projcsn Sync="TRUE">SVY21</projcsn><peXml Sync="TRUE">&lt;ProjectedCoordinateSystem xsi:type='typens:ProjectedCoordinateSystem' xmlns:xsi='http://www.w3.org/2001/XMLSchema-instance' xmlns:xs='http://www.w3.org/2001/XMLSchema' xmlns:typens='http://www.esri.com/schemas/ArcGIS/2.8.0'&gt;&lt;WKT&gt;PROJCS[&amp;quot;SVY21&amp;quot;,GEOGCS[&amp;quot;GCS_WGS_1984&amp;quot;,DATUM[&amp;quot;D_WGS_1984&amp;quot;,SPHEROID[&amp;quot;WGS_1984&amp;quot;,6378137.0,298.257223563]],PRIMEM[&amp;quot;Greenwich&amp;quot;,0.0],UNIT[&amp;quot;Degree&amp;quot;,0.0174532925199433]],PROJECTION[&amp;quot;Transverse_Mercator&amp;quot;],PARAMETER[&amp;quot;False_Easting&amp;quot;,28001.642],PARAMETER[&amp;quot;False_Northing&amp;quot;,38744.572],PARAMETER[&amp;quot;Central_Meridian&amp;quot;,103.8333333333333],PARAMETER[&amp;quot;Scale_Factor&amp;quot;,1.0],PARAMETER[&amp;quot;Latitude_Of_Origin&amp;quot;,1.366666666666667],UNIT[&amp;quot;Meter&amp;quot;,1.0]]&lt;/WKT&gt;&lt;XOrigin&gt;-5595200&lt;/XOrigin&gt;&lt;YOrigin&gt;-10114500&lt;/YOrigin&gt;&lt;XYScale&gt;450265407.00157917&lt;/XYScale&gt;&lt;ZOrigin&gt;-100000&lt;/ZOrigin&gt;&lt;ZScale&gt;10000&lt;/ZScale&gt;&lt;MOrigin&gt;-100000&lt;/MOrigin&gt;&lt;MScale&gt;10000&lt;/MScale&gt;&lt;XYTolerance&gt;0.001&lt;/XYTolerance&gt;&lt;ZTolerance&gt;0.001&lt;/ZTolerance&gt;&lt;MTolerance&gt;0.001&lt;/MTolerance&gt;&lt;HighPrecision&gt;true&lt;/HighPrecision&gt;&lt;/ProjectedCoordinateSystem&gt;</peXml></coordRef></DataProperties><ArcGISFormat>1.0</ArcGISFormat></Esri><idinfo><native Sync="TRUE">Microsoft Windows Vista Version 6.0 (Build 6002) Service Pack 2; ESRI ArcCatalog 9.3.1.3000</native><descript><langdata Sync="TRUE">en</langdata><abstract>A symbolic polygon representation of the outline of the structure of RTS Stations
</abstract><purpose>To locate RTS stations/ lines</purpose></descript><citation><citeinfo><origin>Land Transport Authority</origin><pubdate>31 Mar 1999</pubdate><title>RapidTransitSystemStation</title><ftname Sync="TRUE">GDM_RapidTransitSystemStation</ftname><geoform Sync="TRUE">vector digital data</geoform><onlink Sync="TRUE">\\MWP74\DATA\Maestro\GDM.gdb</onlink></citeinfo></citation><timeperd><current>ground condition</current><timeinfo><sngdate><caldate>unknown</caldate></sngdate></timeinfo></timeperd><status><progress>Complete</progress><update>Continually</update></status><spdom><bounding><westbc Sync="TRUE">103.677465</westbc><eastbc Sync="TRUE">103.989473</eastbc><northbc Sync="TRUE">1.449562</northbc><southbc Sync="TRUE">1.264775</southbc></bounding><lboundng><leftbc Sync="TRUE">10655.902526</leftbc><rightbc Sync="TRUE">45377.503900</rightbc><bottombc Sync="TRUE">27478.437299</bottombc><topbc Sync="TRUE">47910.703124</topbc></lboundng></spdom><keywords><theme><themekt>NA</themekt><themekey>Road Inventory, Road Furniture, Road Elements</themekey></theme></keywords><accconst>Class 1</accconst><useconst>The data is for internal use only</useconst><natvform Sync="TRUE">File Geodatabase Feature Class</natvform><ptcontac><cntinfo><cntperp><cntper>Jamaludeen Bin Sheik Noordin</cntper><cntorg>Land Transport Authority</cntorg></cntperp><cntpos>Engineer</cntpos><cntaddr><addrtype>mailing address</addrtype><address>251 North Bridge Road Singapore 179102 </address></cntaddr><cntvoice>63328915</cntvoice></cntinfo></ptcontac></idinfo><dataIdInfo><envirDesc Sync="TRUE">Microsoft Windows 10 Version 10.0 (Build 19043) ; Esri ArcGIS 12.8.0.29751</envirDesc><dataLang><languageCode Sync="TRUE" value="eng"></languageCode><countryCode value="SGP" Sync="TRUE"></countryCode></dataLang><idCitation><resTitle Sync="TRUE">MRTLRTStnPtt</resTitle><presForm><PresFormCd Sync="TRUE" value="005"></PresFormCd></presForm></idCitation><spatRpType><SpatRepTypCd Sync="TRUE" value="001"></SpatRepTypCd></spatRpType><dataExt><geoEle><GeoBndBox esriExtentType="native"><westBL Sync="TRUE">10655.902526</westBL><eastBL Sync="TRUE">45377.5039</eastBL><northBL Sync="TRUE">47910.703124</northBL><southBL Sync="TRUE">27478.437299</southBL><exTypeCode Sync="TRUE">1</exTypeCode></GeoBndBox></geoEle></dataExt><geoBox esriExtentType="decdegrees"><westBL Sync="TRUE">103.677465</westBL><eastBL Sync="TRUE">103.989473</eastBL><northBL Sync="TRUE">1.449562</northBL><southBL Sync="TRUE">1.264775</southBL><exTypeCode Sync="TRUE">1</exTypeCode></geoBox><dataExt><geoEle><GeoBndBox esriExtentType="search"><exTypeCode Sync="TRUE">1</exTypeCode><westBL Sync="TRUE">103.636240</westBL><eastBL Sync="TRUE">103.989473</eastBL><northBL Sync="TRUE">1.449562</northBL><southBL Sync="TRUE">1.264772</southBL></GeoBndBox></geoEle></dataExt></dataIdInfo><metainfo><langmeta Sync="TRUE">en</langmeta><metstdn Sync="TRUE">FGDC Content Standards for Digital Geospatial Metadata</metstdn><metstdv Sync="TRUE">FGDC-STD-001-1998</metstdv><mettc Sync="TRUE">local time</mettc><metc><cntinfo><cntaddr><addrtype>mailing address</addrtype><city>REQUIRED: The city of the address.</city><state>REQUIRED: The state or province of the address.</state><postal>REQUIRED: The ZIP or other postal code of the address.</postal><address>251 North Bridge Road Singapore 179102 </address></cntaddr><cntvoice>63328915</cntvoice><cntperp><cntper>Jamaludeen Bin Sheik Noordin</cntper><cntorg>Land Transport Authority</cntorg></cntperp><cntpos>Engineer</cntpos></cntinfo></metc><metd Sync="TRUE">20171020</metd></metainfo><mdLang><languageCode Sync="TRUE" value="eng"></languageCode><countryCode value="SGP" Sync="TRUE"></countryCode></mdLang><mdStanName Sync="TRUE">ISO 19115 Geographic Information - Metadata</mdStanName><mdStanVer Sync="TRUE">DIS_ESRI1.0</mdStanVer><mdChar><CharSetCd Sync="TRUE" value="004"></CharSetCd></mdChar><mdHrLv><ScopeCd Sync="TRUE" value="005"></ScopeCd></mdHrLv><mdHrLvName Sync="TRUE">dataset</mdHrLvName><distinfo><resdesc Sync="TRUE">Downloadable Data</resdesc></distinfo><distInfo><distributor><distorTran><onLineSrc><orDesc Sync="TRUE">002</orDesc><linkage Sync="TRUE">file://\\MWP74\DATA\Maestro\GDM.gdb</linkage><protocol Sync="TRUE">Local Area Network</protocol></onLineSrc></distorTran><distorFormat><formatName Sync="TRUE">File Geodatabase Feature Class</formatName></distorFormat></distributor><distFormat><formatName Sync="TRUE">Shapefile</formatName></distFormat><distTranOps><transSize Sync="TRUE">0.000</transSize></distTranOps></distInfo><spdoinfo><direct Sync="TRUE">Vector</direct><ptvctinf><esriterm Name="MRTLRTStnPtt"><efeatyp Sync="TRUE">Simple</efeatyp><efeageom code="1" Sync="TRUE"></efeageom><esritopo Sync="TRUE">FALSE</esritopo><efeacnt Sync="TRUE">0</efeacnt><spindex Sync="TRUE">FALSE</spindex><linrefer Sync="TRUE">FALSE</linrefer></esriterm></ptvctinf></spdoinfo><spref><horizsys><cordsysn><geogcsn Sync="TRUE">GCS_WGS_1984</geogcsn><projcsn Sync="TRUE">SVY21</projcsn></cordsysn><planar><planci><plance Sync="TRUE">coordinate pair</plance><plandu Sync="TRUE">meters</plandu><coordrep><absres Sync="TRUE">0.000007</absres><ordres Sync="TRUE">0.000007</ordres></coordrep></planci></planar><geodetic><horizdn Sync="TRUE">D_WGS_1984</horizdn><ellips Sync="TRUE">WGS_1984</ellips><semiaxis Sync="TRUE">6378137.000000</semiaxis><denflat Sync="TRUE">298.257224</denflat></geodetic></horizsys><vertdef><altsys><altenc Sync="TRUE">Explicit elevation coordinate included with horizontal coordinates</altenc><altres Sync="TRUE">0.000003</altres></altsys></vertdef></spref><refSysInfo><RefSystem><refSysID><identCode Sync="TRUE" code="0">SVY21</identCode></refSysID></RefSystem></refSysInfo><spatRepInfo><VectSpatRep><geometObjs Name="MRTLRTStnPtt"><geoObjTyp><GeoObjTypCd value="004" Sync="TRUE"></GeoObjTypCd></geoObjTyp><geoObjCnt Sync="TRUE">0</geoObjCnt></geometObjs><topLvl><TopoLevCd value="001" Sync="TRUE"></TopoLevCd></topLvl></VectSpatRep></spatRepInfo><eainfo><detailed Name="MRTLRTStnPtt"><enttyp><enttypl>RapidTransitSystemStation</enttypl><enttypt Sync="TRUE">Feature Class</enttypt><enttypc Sync="TRUE">0</enttypc></enttyp><attr><attrlabl Sync="TRUE">FID</attrlabl><attalias Sync="TRUE">FID</attalias><attrtype Sync="TRUE">OID</attrtype><attwidth Sync="TRUE">4</attwidth><atprecis Sync="TRUE">0</atprecis><attscale Sync="TRUE">0</attscale><attrdef Sync="TRUE">Internal feature number.</attrdef><attrdefs Sync="TRUE">Esri</attrdefs><attrdomv><udom Sync="TRUE">Sequential unique whole numbers that are automatically generated.</udom></attrdomv></attr><attr><attrlabl>Shape</attrlabl><attalias Sync="TRUE">Shape</attalias><attrtype Sync="TRUE">Geometry</attrtype><attwidth Sync="TRUE">0</attwidth><atprecis Sync="TRUE">0</atprecis><attscale Sync="TRUE">0</attscale><attrdef Sync="TRUE">Feature geometry.</attrdef><attrdefs Sync="TRUE">ESRI</attrdefs><attrdomv><udom Sync="TRUE">Coordinates defining the features.</udom></attrdomv></attr><attr><attrlabl Sync="TRUE">STN_NAME</attrlabl><attalias Sync="TRUE">STN_NAME</attalias><attrtype Sync="TRUE">String</attrtype><attwidth Sync="TRUE">254</attwidth><atprecis Sync="TRUE">0</atprecis><attscale Sync="TRUE">0</attscale></attr><attr><attrlabl Sync="TRUE">STN_NO</attrlabl><attalias Sync="TRUE">STN_NO</attalias><attrtype Sync="TRUE">String</attrtype><attwidth Sync="TRUE">254</attwidth><atprecis Sync="TRUE">0</atprecis><attscale Sync="TRUE">0</attscale></attr></detailed></eainfo><mdDateSt Sync="TRUE">20220114</mdDateSt><dataqual><attracc><qattracc><attraccv>Mandatory fields are complete</attraccv></qattracc></attracc><posacc><horizpa><qhorizpa><horizpav>0.1 metres</horizpav><horizpae>Indicative locations</horizpae></qhorizpa></horizpa><vertacc><qvertpa><vertaccv>NA</vertaccv><vertacce>NA</vertacce></qvertpa></vertacc></posacc><lineage><procstep><procdesc Sync="TRUE">Dataset copied.</procdesc><srcused Sync="TRUE">Server=rimsus3; Service=5151; User=gdm_temp; Version=SDE.DEFAULT</srcused><procdate Sync="TRUE">20110310</procdate><proctime Sync="TRUE">19181300</proctime></procstep></lineage></dataqual></metadata>
